{
    "$schema": "https://schema.management.azure.com/schemas/2015-01-01/deploymentParameters.json#",
    "contentVersion": "1.0.0.0",
    "parameters": {
        "factoryName": {
            "value": "fgp-data-factory"
        },
        "AzureDataLakeStorage1_accountKey": {
            "value": ""
        },
        "AzureSqlDatabase1_connectionString": {
            "value": ""
        },
        "AzureDataLakeStorage2_accountKey": {
            "value": ""
        },
        "AzureSqlDatabase2_connectionString": {
            "value": ""
        },
        "AzureSqlDatabase3_connectionString": {
            "value": ""
        },
        "AzureDataLakeStorage3_accountKey": {
            "value": ""
        },
        "AzureBlobStorage1_connectionString": {
            "value": ""
        },
        "AzureDataLakeStorage4_accountKey": {
            "value": ""
        },
        "AzureDataLakeStorage5_accountKey": {
            "value": ""
        },
        "AzureDataLakeStorage6_accountKey": {
            "value": ""
        },
        "AzureDataLakeStorage1_properties_typeProperties_url": {
            "value": "https://awdlsstudfgp.dfs.core.windows.net"
        },
        "HttpServer1_properties_typeProperties_url": {
            "value": "https://raw.githubusercontent.com/djpmsft/adf-ready-demo/master/moviesDB.csv"
        },
        "AzureDataLakeStorage2_properties_typeProperties_url": {
            "value": "https://awdlsstudfgp.dfs.core.windows.net"
        },
        "AzureDataLakeStorage3_properties_typeProperties_url": {
            "value": "https://awdlsstudfgp.dfs.core.windows.net"
        },
        "AzureDataLakeStorage4_properties_typeProperties_url": {
            "value": "https://awdlsstudfgp.dfs.core.windows.net"
        },
        "AzureDataLakeStorage5_properties_typeProperties_url": {
            "value": "https://adlsferdp200.dfs.core.windows.net"
        },
        "AzureDataLakeStorage6_properties_typeProperties_url": {
            "value": "https://awdlsstudfsgp.dfs.core.windows.net"
        },
        "HttpServer2_properties_typeProperties_url": {
            "value": "https://raw.githubusercontent.com/djpmsft/adf-ready-demo/master/moviesDB.csv"
        }
    }
}