{
    "$schema": "http://schema.management.azure.com/schemas/2015-01-01/deploymentTemplate.json#",
    "contentVersion": "1.0.0.0",
    "parameters": {
        "factoryName": {
            "type": "string",
            "metadata": "Data Factory name",
            "defaultValue": "fgp-data-factory"
        },
        "AzureDataLakeStorage1_accountKey": {
            "type": "secureString",
            "metadata": "Secure string for 'accountKey' of 'AzureDataLakeStorage1'"
        },
        "AzureSqlDatabase1_connectionString": {
            "type": "secureString",
            "metadata": "Secure string for 'connectionString' of 'AzureSqlDatabase1'"
        },
        "AzureDataLakeStorage2_accountKey": {
            "type": "secureString",
            "metadata": "Secure string for 'accountKey' of 'AzureDataLakeStorage2'"
        },
        "AzureSqlDatabase2_connectionString": {
            "type": "secureString",
            "metadata": "Secure string for 'connectionString' of 'AzureSqlDatabase2'"
        },
        "AzureSqlDatabase3_connectionString": {
            "type": "secureString",
            "metadata": "Secure string for 'connectionString' of 'AzureSqlDatabase3'"
        },
        "AzureDataLakeStorage3_accountKey": {
            "type": "secureString",
            "metadata": "Secure string for 'accountKey' of 'AzureDataLakeStorage3'"
        },
        "AzureBlobStorage1_connectionString": {
            "type": "secureString",
            "metadata": "Secure string for 'connectionString' of 'AzureBlobStorage1'"
        },
        "AzureDataLakeStorage4_accountKey": {
            "type": "secureString",
            "metadata": "Secure string for 'accountKey' of 'AzureDataLakeStorage4'"
        },
        "AzureDataLakeStorage5_accountKey": {
            "type": "secureString",
            "metadata": "Secure string for 'accountKey' of 'AzureDataLakeStorage5'"
        },
        "AzureDataLakeStorage6_accountKey": {
            "type": "secureString",
            "metadata": "Secure string for 'accountKey' of 'AzureDataLakeStorage6'"
        },
        "AzureDataLakeStorage1_properties_typeProperties_url": {
            "type": "string",
            "defaultValue": "https://awdlsstudfgp.dfs.core.windows.net"
        },
        "HttpServer1_properties_typeProperties_url": {
            "type": "string",
            "defaultValue": "https://raw.githubusercontent.com/djpmsft/adf-ready-demo/master/moviesDB.csv"
        },
        "AzureDataLakeStorage2_properties_typeProperties_url": {
            "type": "string",
            "defaultValue": "https://awdlsstudfgp.dfs.core.windows.net"
        },
        "AzureDataLakeStorage3_properties_typeProperties_url": {
            "type": "string",
            "defaultValue": "https://awdlsstudfgp.dfs.core.windows.net"
        },
        "AzureDataLakeStorage4_properties_typeProperties_url": {
            "type": "string",
            "defaultValue": "https://awdlsstudfgp.dfs.core.windows.net"
        },
        "AzureDataLakeStorage5_properties_typeProperties_url": {
            "type": "string",
            "defaultValue": "https://adlsferdp200.dfs.core.windows.net"
        },
        "AzureDataLakeStorage6_properties_typeProperties_url": {
            "type": "string",
            "defaultValue": "https://awdlsstudfsgp.dfs.core.windows.net"
        },
        "HttpServer2_properties_typeProperties_url": {
            "type": "string",
            "defaultValue": "https://raw.githubusercontent.com/djpmsft/adf-ready-demo/master/moviesDB.csv"
        },
        "containerUri": {
            "type": "string",
            "metadata": "URI to storage account containing linked ARM templates"
        },
        "containerSasToken": {
            "type": "string",
            "metadata": "Sas token to storage account containing linked ARM templates"
        }
    },
    "variables": {
        "factoryId": "[concat('Microsoft.DataFactory/factories/', parameters('factoryName'))]"
    },
    "resources": [
        {
            "name": "fgp-data-factory_ArmTemplate_0",
            "type": "Microsoft.Resources/deployments",
            "apiVersion": "2018-02-01",
            "properties": {
                "mode": "incremental",
                "templateLink": {
                    "uri": "[concat(parameters('containerUri'), '/ArmTemplate_0.json', parameters('containerSasToken'))]",
                    "contentVersion": "1.0.0.0"
                },
                "parameters": {
                    "factoryName": {
                        "value": "[parameters('factoryName')]"
                    },
                    "AzureDataLakeStorage1_accountKey": {
                        "value": "[parameters('AzureDataLakeStorage1_accountKey')]"
                    },
                    "AzureSqlDatabase1_connectionString": {
                        "value": "[parameters('AzureSqlDatabase1_connectionString')]"
                    },
                    "AzureDataLakeStorage2_accountKey": {
                        "value": "[parameters('AzureDataLakeStorage2_accountKey')]"
                    },
                    "AzureSqlDatabase2_connectionString": {
                        "value": "[parameters('AzureSqlDatabase2_connectionString')]"
                    },
                    "AzureSqlDatabase3_connectionString": {
                        "value": "[parameters('AzureSqlDatabase3_connectionString')]"
                    },
                    "AzureDataLakeStorage3_accountKey": {
                        "value": "[parameters('AzureDataLakeStorage3_accountKey')]"
                    },
                    "AzureBlobStorage1_connectionString": {
                        "value": "[parameters('AzureBlobStorage1_connectionString')]"
                    },
                    "AzureDataLakeStorage4_accountKey": {
                        "value": "[parameters('AzureDataLakeStorage4_accountKey')]"
                    },
                    "AzureDataLakeStorage5_accountKey": {
                        "value": "[parameters('AzureDataLakeStorage5_accountKey')]"
                    },
                    "AzureDataLakeStorage6_accountKey": {
                        "value": "[parameters('AzureDataLakeStorage6_accountKey')]"
                    },
                    "AzureDataLakeStorage1_properties_typeProperties_url": {
                        "value": "[parameters('AzureDataLakeStorage1_properties_typeProperties_url')]"
                    },
                    "HttpServer1_properties_typeProperties_url": {
                        "value": "[parameters('HttpServer1_properties_typeProperties_url')]"
                    },
                    "AzureDataLakeStorage2_properties_typeProperties_url": {
                        "value": "[parameters('AzureDataLakeStorage2_properties_typeProperties_url')]"
                    },
                    "AzureDataLakeStorage3_properties_typeProperties_url": {
                        "value": "[parameters('AzureDataLakeStorage3_properties_typeProperties_url')]"
                    },
                    "AzureDataLakeStorage4_properties_typeProperties_url": {
                        "value": "[parameters('AzureDataLakeStorage4_properties_typeProperties_url')]"
                    },
                    "AzureDataLakeStorage5_properties_typeProperties_url": {
                        "value": "[parameters('AzureDataLakeStorage5_properties_typeProperties_url')]"
                    },
                    "AzureDataLakeStorage6_properties_typeProperties_url": {
                        "value": "[parameters('AzureDataLakeStorage6_properties_typeProperties_url')]"
                    },
                    "HttpServer2_properties_typeProperties_url": {
                        "value": "[parameters('HttpServer2_properties_typeProperties_url')]"
                    }
                }
            },
            "dependsOn": []
        },
        {
            "name": "fgp-data-factory_ArmTemplate_1",
            "type": "Microsoft.Resources/deployments",
            "apiVersion": "2018-02-01",
            "properties": {
                "mode": "incremental",
                "templateLink": {
                    "uri": "[concat(parameters('containerUri'), '/ArmTemplate_1.json', parameters('containerSasToken'))]",
                    "contentVersion": "1.0.0.0"
                },
                "parameters": {
                    "factoryName": {
                        "value": "[parameters('factoryName')]"
                    }
                }
            },
            "dependsOn": [
                "[resourceId('Microsoft.Resources/deployments', 'fgp-data-factory_ArmTemplate_0')]"
            ]
        }
    ]
}