{
    "$schema": "http://schema.management.azure.com/schemas/2015-01-01/deploymentTemplate.json#",
    "contentVersion": "1.0.0.0",
    "parameters": {
        "factoryName": {
            "type": "string",
            "metadata": "Data Factory name",
            "defaultValue": "fgp-data-factory"
        },
        "AzureDataLakeStorage1_accountKey": {
            "type": "secureString",
            "metadata": "Secure string for 'accountKey' of 'AzureDataLakeStorage1'"
        },
        "AzureSqlDatabase1_connectionString": {
            "type": "secureString",
            "metadata": "Secure string for 'connectionString' of 'AzureSqlDatabase1'"
        },
        "AzureDataLakeStorage2_accountKey": {
            "type": "secureString",
            "metadata": "Secure string for 'accountKey' of 'AzureDataLakeStorage2'"
        },
        "AzureSqlDatabase2_connectionString": {
            "type": "secureString",
            "metadata": "Secure string for 'connectionString' of 'AzureSqlDatabase2'"
        },
        "AzureSqlDatabase3_connectionString": {
            "type": "secureString",
            "metadata": "Secure string for 'connectionString' of 'AzureSqlDatabase3'"
        },
        "AzureDataLakeStorage3_accountKey": {
            "type": "secureString",
            "metadata": "Secure string for 'accountKey' of 'AzureDataLakeStorage3'"
        },
        "AzureBlobStorage1_connectionString": {
            "type": "secureString",
            "metadata": "Secure string for 'connectionString' of 'AzureBlobStorage1'"
        },
        "AzureDataLakeStorage4_accountKey": {
            "type": "secureString",
            "metadata": "Secure string for 'accountKey' of 'AzureDataLakeStorage4'"
        },
        "AzureDataLakeStorage5_accountKey": {
            "type": "secureString",
            "metadata": "Secure string for 'accountKey' of 'AzureDataLakeStorage5'"
        },
        "AzureDataLakeStorage6_accountKey": {
            "type": "secureString",
            "metadata": "Secure string for 'accountKey' of 'AzureDataLakeStorage6'"
        },
        "AzureDataLakeStorage1_properties_typeProperties_url": {
            "type": "string",
            "defaultValue": "https://awdlsstudfgp.dfs.core.windows.net"
        },
        "HttpServer1_properties_typeProperties_url": {
            "type": "string",
            "defaultValue": "https://raw.githubusercontent.com/djpmsft/adf-ready-demo/master/moviesDB.csv"
        },
        "AzureDataLakeStorage2_properties_typeProperties_url": {
            "type": "string",
            "defaultValue": "https://awdlsstudfgp.dfs.core.windows.net"
        },
        "AzureDataLakeStorage3_properties_typeProperties_url": {
            "type": "string",
            "defaultValue": "https://awdlsstudfgp.dfs.core.windows.net"
        },
        "AzureDataLakeStorage4_properties_typeProperties_url": {
            "type": "string",
            "defaultValue": "https://awdlsstudfgp.dfs.core.windows.net"
        },
        "AzureDataLakeStorage5_properties_typeProperties_url": {
            "type": "string",
            "defaultValue": "https://adlsferdp200.dfs.core.windows.net"
        },
        "AzureDataLakeStorage6_properties_typeProperties_url": {
            "type": "string",
            "defaultValue": "https://awdlsstudfsgp.dfs.core.windows.net"
        },
        "HttpServer2_properties_typeProperties_url": {
            "type": "string",
            "defaultValue": "https://raw.githubusercontent.com/djpmsft/adf-ready-demo/master/moviesDB.csv"
        }
    },
    "variables": {
        "factoryId": "[concat('Microsoft.DataFactory/factories/', parameters('factoryName'))]"
    },
    "resources": [
        {
            "name": "[concat(parameters('factoryName'), '/AzureDataLakeStorage1')]",
            "type": "Microsoft.DataFactory/factories/linkedServices",
            "apiVersion": "2018-06-01",
            "properties": {
                "annotations": [],
                "type": "AzureBlobFS",
                "typeProperties": {
                    "url": "[parameters('AzureDataLakeStorage1_properties_typeProperties_url')]",
                    "accountKey": {
                        "type": "SecureString",
                        "value": "[parameters('AzureDataLakeStorage1_accountKey')]"
                    }
                }
            },
            "dependsOn": []
        },
        {
            "name": "[concat(parameters('factoryName'), '/HttpServer1')]",
            "type": "Microsoft.DataFactory/factories/linkedServices",
            "apiVersion": "2018-06-01",
            "properties": {
                "annotations": [],
                "type": "HttpServer",
                "typeProperties": {
                    "url": "[parameters('HttpServer1_properties_typeProperties_url')]",
                    "enableServerCertificateValidation": true,
                    "authenticationType": "Anonymous"
                }
            },
            "dependsOn": []
        },
        {
            "name": "[concat(parameters('factoryName'), '/AzureSqlDatabase1')]",
            "type": "Microsoft.DataFactory/factories/linkedServices",
            "apiVersion": "2018-06-01",
            "properties": {
                "annotations": [],
                "type": "AzureSqlDatabase",
                "typeProperties": {
                    "connectionString": "[parameters('AzureSqlDatabase1_connectionString')]"
                }
            },
            "dependsOn": []
        },
        {
            "name": "[concat(parameters('factoryName'), '/AzureDataLakeStorage2')]",
            "type": "Microsoft.DataFactory/factories/linkedServices",
            "apiVersion": "2018-06-01",
            "properties": {
                "annotations": [],
                "type": "AzureBlobFS",
                "typeProperties": {
                    "url": "[parameters('AzureDataLakeStorage2_properties_typeProperties_url')]",
                    "accountKey": {
                        "type": "SecureString",
                        "value": "[parameters('AzureDataLakeStorage2_accountKey')]"
                    }
                }
            },
            "dependsOn": []
        },
        {
            "name": "[concat(parameters('factoryName'), '/AzureSqlDatabase2')]",
            "type": "Microsoft.DataFactory/factories/linkedServices",
            "apiVersion": "2018-06-01",
            "properties": {
                "annotations": [],
                "type": "AzureSqlDatabase",
                "typeProperties": {
                    "connectionString": "[parameters('AzureSqlDatabase2_connectionString')]"
                }
            },
            "dependsOn": []
        },
        {
            "name": "[concat(parameters('factoryName'), '/AzureSqlDatabase3')]",
            "type": "Microsoft.DataFactory/factories/linkedServices",
            "apiVersion": "2018-06-01",
            "properties": {
                "annotations": [],
                "type": "AzureSqlDatabase",
                "typeProperties": {
                    "connectionString": "[parameters('AzureSqlDatabase3_connectionString')]"
                }
            },
            "dependsOn": []
        },
        {
            "name": "[concat(parameters('factoryName'), '/AzureDataLakeStorage3')]",
            "type": "Microsoft.DataFactory/factories/linkedServices",
            "apiVersion": "2018-06-01",
            "properties": {
                "annotations": [],
                "type": "AzureBlobFS",
                "typeProperties": {
                    "url": "[parameters('AzureDataLakeStorage3_properties_typeProperties_url')]",
                    "accountKey": {
                        "type": "SecureString",
                        "value": "[parameters('AzureDataLakeStorage3_accountKey')]"
                    }
                }
            },
            "dependsOn": []
        },
        {
            "name": "[concat(parameters('factoryName'), '/AzureBlobStorage1')]",
            "type": "Microsoft.DataFactory/factories/linkedServices",
            "apiVersion": "2018-06-01",
            "properties": {
                "annotations": [],
                "type": "AzureBlobStorage",
                "typeProperties": {
                    "connectionString": "[parameters('AzureBlobStorage1_connectionString')]"
                }
            },
            "dependsOn": []
        },
        {
            "name": "[concat(parameters('factoryName'), '/AzureDataLakeStorage4')]",
            "type": "Microsoft.DataFactory/factories/linkedServices",
            "apiVersion": "2018-06-01",
            "properties": {
                "annotations": [],
                "type": "AzureBlobFS",
                "typeProperties": {
                    "url": "[parameters('AzureDataLakeStorage4_properties_typeProperties_url')]",
                    "accountKey": {
                        "type": "SecureString",
                        "value": "[parameters('AzureDataLakeStorage4_accountKey')]"
                    }
                }
            },
            "dependsOn": []
        },
        {
            "name": "[concat(parameters('factoryName'), '/AzureDataLakeStorage5')]",
            "type": "Microsoft.DataFactory/factories/linkedServices",
            "apiVersion": "2018-06-01",
            "properties": {
                "annotations": [],
                "type": "AzureBlobFS",
                "typeProperties": {
                    "url": "[parameters('AzureDataLakeStorage5_properties_typeProperties_url')]",
                    "accountKey": {
                        "type": "SecureString",
                        "value": "[parameters('AzureDataLakeStorage5_accountKey')]"
                    }
                }
            },
            "dependsOn": []
        },
        {
            "name": "[concat(parameters('factoryName'), '/AzureDataLakeStorage6')]",
            "type": "Microsoft.DataFactory/factories/linkedServices",
            "apiVersion": "2018-06-01",
            "properties": {
                "annotations": [],
                "type": "AzureBlobFS",
                "typeProperties": {
                    "url": "[parameters('AzureDataLakeStorage6_properties_typeProperties_url')]",
                    "accountKey": {
                        "type": "SecureString",
                        "value": "[parameters('AzureDataLakeStorage6_accountKey')]"
                    }
                }
            },
            "dependsOn": []
        },
        {
            "name": "[concat(parameters('factoryName'), '/HttpServer2')]",
            "type": "Microsoft.DataFactory/factories/linkedServices",
            "apiVersion": "2018-06-01",
            "properties": {
                "annotations": [],
                "type": "HttpServer",
                "typeProperties": {
                    "url": "[parameters('HttpServer2_properties_typeProperties_url')]",
                    "enableServerCertificateValidation": true,
                    "authenticationType": "Anonymous"
                }
            },
            "dependsOn": []
        },
        {
            "name": "[concat(parameters('factoryName'), '/HTTPSource')]",
            "type": "Microsoft.DataFactory/factories/datasets",
            "apiVersion": "2018-06-01",
            "properties": {
                "linkedServiceName": {
                    "referenceName": "HttpServer1",
                    "type": "LinkedServiceReference"
                },
                "annotations": [],
                "type": "DelimitedText",
                "typeProperties": {
                    "location": {
                        "type": "HttpServerLocation"
                    },
                    "columnDelimiter": ",",
                    "escapeChar": "\\",
                    "firstRowAsHeader": true,
                    "quoteChar": "\""
                },
                "schema": [
                    {
                        "name": "movie",
                        "type": "String"
                    },
                    {
                        "name": "title",
                        "type": "String"
                    },
                    {
                        "name": "genres",
                        "type": "String"
                    },
                    {
                        "name": "year",
                        "type": "String"
                    },
                    {
                        "name": "Rating",
                        "type": "String"
                    },
                    {
                        "name": "Rotton Tomato",
                        "type": "String"
                    }
                ]
            },
            "dependsOn": [
                "[concat(variables('factoryId'), '/linkedServices/HttpServer1')]"
            ]
        },
        {
            "name": "[concat(parameters('factoryName'), '/ADLSG2')]",
            "type": "Microsoft.DataFactory/factories/datasets",
            "apiVersion": "2018-06-01",
            "properties": {
                "linkedServiceName": {
                    "referenceName": "AzureDataLakeStorage1",
                    "type": "LinkedServiceReference"
                },
                "annotations": [],
                "type": "DelimitedText",
                "typeProperties": {
                    "location": {
                        "type": "AzureBlobFSLocation",
                        "fileName": "moviesDB.csv",
                        "folderPath": "output",
                        "fileSystem": "data"
                    },
                    "columnDelimiter": ",",
                    "escapeChar": "\\",
                    "firstRowAsHeader": true,
                    "quoteChar": "\""
                },
                "schema": [
                    {
                        "name": "movie",
                        "type": "String"
                    },
                    {
                        "name": "title",
                        "type": "String"
                    },
                    {
                        "name": "genres",
                        "type": "String"
                    },
                    {
                        "name": "year",
                        "type": "String"
                    },
                    {
                        "name": "Rating",
                        "type": "String"
                    },
                    {
                        "name": "Rotton Tomato",
                        "type": "String"
                    }
                ]
            },
            "dependsOn": [
                "[concat(variables('factoryId'), '/linkedServices/AzureDataLakeStorage1')]"
            ]
        },
        {
            "name": "[concat(parameters('factoryName'), '/SqlDatabase')]",
            "type": "Microsoft.DataFactory/factories/datasets",
            "apiVersion": "2018-06-01",
            "properties": {
                "linkedServiceName": {
                    "referenceName": "AzureSqlDatabase1",
                    "type": "LinkedServiceReference"
                },
                "annotations": [],
                "type": "AzureSqlTable",
                "schema": [],
                "typeProperties": {
                    "schema": "dbo",
                    "table": "MoviesFGP"
                }
            },
            "dependsOn": [
                "[concat(variables('factoryId'), '/linkedServices/AzureSqlDatabase1')]"
            ]
        },
        {
            "name": "[concat(parameters('factoryName'), '/Table_MoviesHTTP')]",
            "type": "Microsoft.DataFactory/factories/datasets",
            "apiVersion": "2018-06-01",
            "properties": {
                "linkedServiceName": {
                    "referenceName": "AzureSqlDatabase1",
                    "type": "LinkedServiceReference"
                },
                "annotations": [],
                "type": "AzureSqlTable",
                "schema": [],
                "typeProperties": {
                    "schema": "dbo",
                    "table": "MoviesHTTP"
                }
            },
            "dependsOn": [
                "[concat(variables('factoryId'), '/linkedServices/AzureSqlDatabase1')]"
            ]
        },
        {
            "name": "[concat(parameters('factoryName'), '/DelimitedText1')]",
            "type": "Microsoft.DataFactory/factories/datasets",
            "apiVersion": "2018-06-01",
            "properties": {
                "linkedServiceName": {
                    "referenceName": "AzureDataLakeStorage4",
                    "type": "LinkedServiceReference"
                },
                "annotations": [],
                "type": "DelimitedText",
                "typeProperties": {
                    "location": {
                        "type": "AzureBlobFSLocation",
                        "folderPath": "output",
                        "fileSystem": "data"
                    },
                    "columnDelimiter": ",",
                    "escapeChar": "\\",
                    "quoteChar": "\""
                },
                "schema": []
            },
            "dependsOn": [
                "[concat(variables('factoryId'), '/linkedServices/AzureDataLakeStorage4')]"
            ]
        },
        {
            "name": "[concat(parameters('factoryName'), '/ADLSG21')]",
            "type": "Microsoft.DataFactory/factories/datasets",
            "apiVersion": "2018-06-01",
            "properties": {
                "linkedServiceName": {
                    "referenceName": "AzureDataLakeStorage1",
                    "type": "LinkedServiceReference"
                },
                "annotations": [],
                "type": "DelimitedText",
                "typeProperties": {
                    "location": {
                        "type": "AzureBlobFSLocation",
                        "fileName": "moviesDB.csv",
                        "folderPath": "output",
                        "fileSystem": "data"
                    },
                    "columnDelimiter": ",",
                    "escapeChar": "\\",
                    "firstRowAsHeader": true,
                    "quoteChar": "\""
                },
                "schema": [
                    {
                        "name": "movie",
                        "type": "String"
                    },
                    {
                        "name": "title",
                        "type": "String"
                    },
                    {
                        "name": "genres",
                        "type": "String"
                    },
                    {
                        "name": "year",
                        "type": "String"
                    },
                    {
                        "name": "Rating",
                        "type": "String"
                    },
                    {
                        "name": "Rotton Tomato",
                        "type": "String"
                    }
                ]
            },
            "dependsOn": [
                "[concat(variables('factoryId'), '/linkedServices/AzureDataLakeStorage1')]"
            ]
        },
        {
            "name": "[concat(parameters('factoryName'), '/SqlDatabase1')]",
            "type": "Microsoft.DataFactory/factories/datasets",
            "apiVersion": "2018-06-01",
            "properties": {
                "linkedServiceName": {
                    "referenceName": "AzureSqlDatabase1",
                    "type": "LinkedServiceReference"
                },
                "annotations": [],
                "type": "AzureSqlTable",
                "schema": [],
                "typeProperties": {
                    "schema": "dbo",
                    "table": "MoviesFGP"
                }
            },
            "dependsOn": [
                "[concat(variables('factoryId'), '/linkedServices/AzureSqlDatabase1')]"
            ]
        },
        {
            "name": "[concat(parameters('factoryName'), '/HTTPSource1')]",
            "type": "Microsoft.DataFactory/factories/datasets",
            "apiVersion": "2018-06-01",
            "properties": {
                "linkedServiceName": {
                    "referenceName": "HttpServer1",
                    "type": "LinkedServiceReference"
                },
                "annotations": [],
                "type": "DelimitedText",
                "typeProperties": {
                    "location": {
                        "type": "HttpServerLocation"
                    },
                    "columnDelimiter": ",",
                    "escapeChar": "\\",
                    "firstRowAsHeader": true,
                    "quoteChar": "\""
                },
                "schema": [
                    {
                        "name": "movie",
                        "type": "String"
                    },
                    {
                        "name": "title",
                        "type": "String"
                    },
                    {
                        "name": "genres",
                        "type": "String"
                    },
                    {
                        "name": "year",
                        "type": "String"
                    },
                    {
                        "name": "Rating",
                        "type": "String"
                    },
                    {
                        "name": "Rotton Tomato",
                        "type": "String"
                    }
                ]
            },
            "dependsOn": [
                "[concat(variables('factoryId'), '/linkedServices/HttpServer1')]"
            ]
        }
    ]
}