{
    "$schema": "http://schema.management.azure.com/schemas/2015-01-01/deploymentTemplate.json#",
    "contentVersion": "1.0.0.0",
    "parameters": {
        "factoryName": {
            "type": "string",
            "metadata": "Data Factory name",
            "defaultValue": "fgp-data-factory"
        }
    },
    "variables": {
        "factoryId": "[concat('Microsoft.DataFactory/factories/', parameters('factoryName'))]"
    },
    "resources": [
        {
            "name": "[concat(parameters('factoryName'), '/DelimitedText3')]",
            "type": "Microsoft.DataFactory/factories/datasets",
            "apiVersion": "2018-06-01",
            "properties": {
                "linkedServiceName": {
                    "referenceName": "AzureDataLakeStorage6",
                    "type": "LinkedServiceReference"
                },
                "annotations": [],
                "type": "DelimitedText",
                "typeProperties": {
                    "location": {
                        "type": "AzureBlobFSLocation",
                        "fileSystem": "logs"
                    },
                    "columnDelimiter": ",",
                    "escapeChar": "\\",
                    "quoteChar": "\""
                },
                "schema": [
                    {
                        "type": "String"
                    },
                    {
                        "type": "String"
                    },
                    {
                        "type": "String"
                    },
                    {
                        "type": "String"
                    },
                    {
                        "type": "String"
                    },
                    {
                        "type": "String"
                    }
                ]
            },
            "dependsOn": []
        },
        {
            "name": "[concat(parameters('factoryName'), '/DelimitedText2')]",
            "type": "Microsoft.DataFactory/factories/datasets",
            "apiVersion": "2018-06-01",
            "properties": {
                "linkedServiceName": {
                    "referenceName": "HttpServer2",
                    "type": "LinkedServiceReference"
                },
                "annotations": [],
                "type": "DelimitedText",
                "typeProperties": {
                    "location": {
                        "type": "HttpServerLocation"
                    },
                    "columnDelimiter": ",",
                    "escapeChar": "\\",
                    "firstRowAsHeader": true,
                    "quoteChar": "\""
                },
                "schema": [
                    {
                        "name": "movie",
                        "type": "String"
                    },
                    {
                        "name": "title",
                        "type": "String"
                    },
                    {
                        "name": "genres",
                        "type": "String"
                    },
                    {
                        "name": "year",
                        "type": "String"
                    },
                    {
                        "name": "Rating",
                        "type": "String"
                    },
                    {
                        "name": "Rotton Tomato",
                        "type": "String"
                    }
                ]
            },
            "dependsOn": []
        },
        {
            "name": "[concat(parameters('factoryName'), '/DP200 Lab Ex02 Pipeline')]",
            "type": "Microsoft.DataFactory/factories/pipelines",
            "apiVersion": "2018-06-01",
            "properties": {
                "activities": [
                    {
                        "name": "Copy data from HTTP",
                        "type": "Copy",
                        "dependsOn": [],
                        "policy": {
                            "timeout": "7.00:00:00",
                            "retry": 0,
                            "retryIntervalInSeconds": 30,
                            "secureOutput": false,
                            "secureInput": false
                        },
                        "userProperties": [],
                        "typeProperties": {
                            "source": {
                                "type": "DelimitedTextSource",
                                "storeSettings": {
                                    "type": "HttpReadSettings",
                                    "requestMethod": "GET"
                                },
                                "formatSettings": {
                                    "type": "DelimitedTextReadSettings"
                                }
                            },
                            "sink": {
                                "type": "DelimitedTextSink",
                                "storeSettings": {
                                    "type": "AzureBlobFSWriteSettings"
                                },
                                "formatSettings": {
                                    "type": "DelimitedTextWriteSettings",
                                    "quoteAllText": true,
                                    "fileExtension": ".txt"
                                }
                            },
                            "enableStaging": false
                        },
                        "inputs": [
                            {
                                "referenceName": "HTTPSource",
                                "type": "DatasetReference",
                                "parameters": {}
                            }
                        ],
                        "outputs": [
                            {
                                "referenceName": "ADLSG2",
                                "type": "DatasetReference",
                                "parameters": {}
                            }
                        ]
                    }
                ],
                "annotations": [],
                "lastPublishTime": "2020-05-28T19:45:46Z"
            },
            "dependsOn": []
        },
        {
            "name": "[concat(parameters('factoryName'), '/pipeline1')]",
            "type": "Microsoft.DataFactory/factories/pipelines",
            "apiVersion": "2018-06-01",
            "properties": {
                "activities": [
                    {
                        "name": "Copy data1",
                        "type": "Copy",
                        "dependsOn": [],
                        "policy": {
                            "timeout": "7.00:00:00",
                            "retry": 0,
                            "retryIntervalInSeconds": 30,
                            "secureOutput": false,
                            "secureInput": false
                        },
                        "userProperties": [],
                        "typeProperties": {
                            "source": {
                                "type": "DelimitedTextSource",
                                "storeSettings": {
                                    "type": "HttpReadSettings",
                                    "requestMethod": "GET"
                                },
                                "formatSettings": {
                                    "type": "DelimitedTextReadSettings"
                                }
                            },
                            "sink": {
                                "type": "DelimitedTextSink",
                                "storeSettings": {
                                    "type": "AzureBlobFSWriteSettings"
                                },
                                "formatSettings": {
                                    "type": "DelimitedTextWriteSettings",
                                    "quoteAllText": true,
                                    "fileExtension": ".txt"
                                }
                            },
                            "enableStaging": false,
                            "translator": {
                                "type": "TabularTranslator",
                                "typeConversion": true,
                                "typeConversionSettings": {
                                    "allowDataTruncation": true,
                                    "treatBooleanAsNumber": false
                                }
                            }
                        },
                        "inputs": [
                            {
                                "referenceName": "DelimitedText2",
                                "type": "DatasetReference",
                                "parameters": {}
                            }
                        ],
                        "outputs": [
                            {
                                "referenceName": "DelimitedText3",
                                "type": "DatasetReference",
                                "parameters": {}
                            }
                        ]
                    }
                ],
                "annotations": [],
                "lastPublishTime": "2020-10-07T11:54:36Z"
            },
            "dependsOn": [
                "[concat(variables('factoryId'), '/datasets/DelimitedText2')]",
                "[concat(variables('factoryId'), '/datasets/DelimitedText3')]"
            ]
        },
        {
            "name": "[concat(parameters('factoryName'), '/dataflow1')]",
            "type": "Microsoft.DataFactory/factories/dataflows",
            "apiVersion": "2018-06-01",
            "properties": {
                "type": "MappingDataFlow",
                "typeProperties": {
                    "sources": [
                        {
                            "dataset": {
                                "referenceName": "ADLSG2",
                                "type": "DatasetReference"
                            },
                            "name": "source1"
                        }
                    ],
                    "sinks": [
                        {
                            "dataset": {
                                "referenceName": "SqlDatabase",
                                "type": "DatasetReference"
                            },
                            "name": "SaveToSQL"
                        }
                    ],
                    "transformations": [
                        {
                            "name": "Select1"
                        },
                        {
                            "name": "Filter1"
                        },
                        {
                            "name": "DerivedColumn1"
                        },
                        {
                            "name": "RankMoviesByRatings"
                        },
                        {
                            "name": "AggregateRatings"
                        },
                        {
                            "name": "UpsertTrue"
                        }
                    ],
                    "script": "source(output(\n\t\tmovie as string,\n\t\ttitle as string,\n\t\tgenres as string,\n\t\tyear as string,\n\t\tRating as string,\n\t\t{Rotton Tomato} as string\n\t),\n\tallowSchemaDrift: true,\n\tvalidateSchema: false,\n\tignoreNoFilesFound: false) ~> source1\nsource1 select(mapColumn(\n\t\tmovie,\n\t\ttitle,\n\t\tgenres,\n\t\tyear,\n\t\t{Rotten Tomato} = {Rotton Tomato}\n\t),\n\tskipDuplicateMapInputs: true,\n\tskipDuplicateMapOutputs: true) ~> Select1\nSelect1 filter(toInteger(year) > 1950) ~> Filter1\nFilter1 derive(PrimaryGenre = iif(locate(\"|\",genres) > 1, left(genres,locate(\"|\",genres) -1 ),genres)) ~> DerivedColumn1\nDerivedColumn1 window(over(PrimaryGenre,\n\t\tyear),\n\tdesc({Rotten Tomato}, true),\n\tRatingRank = rank()) ~> RankMoviesByRatings\nRankMoviesByRatings aggregate(groupBy(PrimaryGenre,\n\t\tyear),\n\tAverageRating = avg(toInteger({Rotten Tomato})),\n\t\tHighestRated = first(title),\n\t\tLowestRated = last(title),\n\t\tNumberOfMovies = count()) ~> AggregateRatings\nAggregateRatings alterRow(upsertIf(true())) ~> UpsertTrue\nUpsertTrue sink(allowSchemaDrift: true,\n\tvalidateSchema: false,\n\tdeletable:false,\n\tinsertable:true,\n\tupdateable:false,\n\tupsertable:true,\n\tkeys:['PrimaryGenre','year'],\n\tformat: 'table',\n\tmapColumn(\n\t\tPrimaryGenre,\n\t\tyear,\n\t\tAverageRating,\n\t\tHighestRated,\n\t\tLowestRated,\n\t\tNumberOfMovies\n\t),\n\tskipDuplicateMapInputs: true,\n\tskipDuplicateMapOutputs: true,\n\terrorHandlingOption: 'stopOnFirstError') ~> SaveToSQL"
                }
            },
            "dependsOn": []
        },
        {
            "name": "[concat(parameters('factoryName'), '/dataflow2')]",
            "type": "Microsoft.DataFactory/factories/dataflows",
            "apiVersion": "2018-06-01",
            "properties": {
                "type": "MappingDataFlow",
                "typeProperties": {
                    "sources": [
                        {
                            "dataset": {
                                "referenceName": "ADLSG2",
                                "type": "DatasetReference"
                            },
                            "name": "source1"
                        }
                    ],
                    "sinks": [
                        {
                            "dataset": {
                                "referenceName": "DelimitedText1",
                                "type": "DatasetReference"
                            },
                            "name": "sink1"
                        }
                    ],
                    "transformations": [
                        {
                            "name": "Select1"
                        },
                        {
                            "name": "Filter1"
                        }
                    ],
                    "script": "source(output(\n\t\tmovie as string,\n\t\ttitle as string,\n\t\tgenres as string,\n\t\tyear as string,\n\t\tRating as string,\n\t\t{Rotton Tomato} as string\n\t),\n\tallowSchemaDrift: true,\n\tvalidateSchema: false,\n\tignoreNoFilesFound: false) ~> source1\nsource1 select(mapColumn(\n\t\tmovie,\n\t\ttitle,\n\t\tgenres,\n\t\tyear,\n\t\t{Rotten Tomato} = {Rotton Tomato}\n\t),\n\tskipDuplicateMapInputs: true,\n\tskipDuplicateMapOutputs: true) ~> Select1\nSelect1 filter(toInteger(year) > 1950) ~> Filter1\nFilter1 sink(allowSchemaDrift: true,\n\tvalidateSchema: false,\n\tskipDuplicateMapInputs: true,\n\tskipDuplicateMapOutputs: true) ~> sink1"
                }
            },
            "dependsOn": []
        },
        {
            "name": "[concat(parameters('factoryName'), '/dataflow11')]",
            "type": "Microsoft.DataFactory/factories/dataflows",
            "apiVersion": "2018-06-01",
            "properties": {
                "type": "MappingDataFlow",
                "typeProperties": {
                    "sources": [
                        {
                            "dataset": {
                                "referenceName": "ADLSG21",
                                "type": "DatasetReference"
                            },
                            "name": "source1"
                        }
                    ],
                    "sinks": [
                        {
                            "dataset": {
                                "referenceName": "SqlDatabase1",
                                "type": "DatasetReference"
                            },
                            "name": "SaveToSQL"
                        }
                    ],
                    "transformations": [
                        {
                            "name": "Select1"
                        },
                        {
                            "name": "Filter1"
                        },
                        {
                            "name": "DerivedColumn1"
                        },
                        {
                            "name": "RankMoviesByRatings"
                        },
                        {
                            "name": "AggregateRatings"
                        },
                        {
                            "name": "UpsertTrue"
                        }
                    ],
                    "script": "source(output(\n\t\tmovie as string,\n\t\ttitle as string,\n\t\tgenres as string,\n\t\tyear as string,\n\t\tRating as string,\n\t\t{Rotton Tomato} as string\n\t),\n\tallowSchemaDrift: true,\n\tvalidateSchema: false,\n\tignoreNoFilesFound: false) ~> source1\nsource1 select(mapColumn(\n\t\tmovie,\n\t\ttitle,\n\t\tgenres,\n\t\tyear,\n\t\t{Rotten Tomato} = {Rotton Tomato}\n\t),\n\tskipDuplicateMapInputs: true,\n\tskipDuplicateMapOutputs: true) ~> Select1\nSelect1 filter(toInteger(year) > 1950) ~> Filter1\nFilter1 derive(PrimaryGenre = iif(locate(\"|\",genres) > 1, left(genres,locate(\"|\",genres) -1 ),genres)) ~> DerivedColumn1\nDerivedColumn1 window(over(PrimaryGenre,\n\t\tyear),\n\tdesc({Rotten Tomato}, true),\n\tRatingRank = rank()) ~> RankMoviesByRatings\nRankMoviesByRatings aggregate(groupBy(PrimaryGenre,\n\t\tyear),\n\tAverageRating = avg(toInteger({Rotten Tomato})),\n\t\tHighestRated = first(title),\n\t\tLowestRated = last(title),\n\t\tNumberOfMovies = count()) ~> AggregateRatings\nAggregateRatings alterRow(upsertIf(true())) ~> UpsertTrue\nUpsertTrue sink(allowSchemaDrift: true,\n\tvalidateSchema: false,\n\tdeletable:false,\n\tinsertable:true,\n\tupdateable:false,\n\tupsertable:true,\n\tkeys:['PrimaryGenre','year'],\n\tformat: 'table',\n\tmapColumn(\n\t\tPrimaryGenre,\n\t\tyear,\n\t\tAverageRating,\n\t\tHighestRated,\n\t\tLowestRated,\n\t\tNumberOfMovies\n\t),\n\tskipDuplicateMapInputs: true,\n\tskipDuplicateMapOutputs: true,\n\terrorHandlingOption: 'stopOnFirstError') ~> SaveToSQL"
                }
            },
            "dependsOn": []
        },
        {
            "name": "[concat(parameters('factoryName'), '/DP200 Lab Ex03 Pipeline')]",
            "type": "Microsoft.DataFactory/factories/pipelines",
            "apiVersion": "2018-06-01",
            "properties": {
                "activities": [
                    {
                        "name": "Copy data from HTTP",
                        "type": "Copy",
                        "dependsOn": [],
                        "policy": {
                            "timeout": "7.00:00:00",
                            "retry": 0,
                            "retryIntervalInSeconds": 30,
                            "secureOutput": false,
                            "secureInput": false
                        },
                        "userProperties": [],
                        "typeProperties": {
                            "source": {
                                "type": "DelimitedTextSource",
                                "storeSettings": {
                                    "type": "HttpReadSettings",
                                    "requestMethod": "GET"
                                },
                                "formatSettings": {
                                    "type": "DelimitedTextReadSettings"
                                }
                            },
                            "sink": {
                                "type": "DelimitedTextSink",
                                "storeSettings": {
                                    "type": "AzureBlobFSWriteSettings"
                                },
                                "formatSettings": {
                                    "type": "DelimitedTextWriteSettings",
                                    "quoteAllText": true,
                                    "fileExtension": ".txt"
                                }
                            },
                            "enableStaging": false
                        },
                        "inputs": [
                            {
                                "referenceName": "HTTPSource",
                                "type": "DatasetReference",
                                "parameters": {}
                            }
                        ],
                        "outputs": [
                            {
                                "referenceName": "ADLSG2",
                                "type": "DatasetReference",
                                "parameters": {}
                            }
                        ]
                    },
                    {
                        "name": "dataflow1",
                        "type": "ExecuteDataFlow",
                        "dependsOn": [
                            {
                                "activity": "Copy data from HTTP",
                                "dependencyConditions": [
                                    "Succeeded"
                                ]
                            }
                        ],
                        "policy": {
                            "timeout": "7.00:00:00",
                            "retry": 0,
                            "retryIntervalInSeconds": 30,
                            "secureOutput": false,
                            "secureInput": false
                        },
                        "userProperties": [],
                        "typeProperties": {
                            "dataflow": {
                                "referenceName": "dataflow1",
                                "type": "DataFlowReference",
                                "parameters": {},
                                "datasetParameters": {
                                    "source1": {},
                                    "SaveToSQL": {}
                                }
                            },
                            "staging": {},
                            "compute": {
                                "coreCount": 8,
                                "computeType": "General"
                            },
                            "traceLevel": "Fine"
                        }
                    }
                ],
                "annotations": [],
                "lastPublishTime": "2020-05-28T23:38:25Z"
            },
            "dependsOn": [
                "[concat(variables('factoryId'), '/dataflows/dataflow1')]"
            ]
        },
        {
            "name": "[concat(parameters('factoryName'), '/Run One Time')]",
            "type": "Microsoft.DataFactory/factories/triggers",
            "apiVersion": "2018-06-01",
            "properties": {
                "annotations": [],
                "runtimeState": "Started",
                "pipelines": [
                    {
                        "pipelineReference": {
                            "referenceName": "DP200 Lab Ex02 Pipeline",
                            "type": "PipelineReference"
                        },
                        "parameters": {}
                    }
                ],
                "type": "ScheduleTrigger",
                "typeProperties": {
                    "recurrence": {
                        "frequency": "Month",
                        "interval": 1,
                        "startTime": "2020-05-28T19:29:00Z",
                        "timeZone": "UTC",
                        "schedule": {
                            "minutes": [
                                31
                            ],
                            "hours": [
                                19
                            ]
                        }
                    }
                }
            },
            "dependsOn": [
                "[concat(variables('factoryId'), '/pipelines/DP200 Lab Ex02 Pipeline')]"
            ]
        }
    ]
}